id_empleado;id_hotel;nombre_empleado;cedula_empleado;contratacion
14134389-0;689169-1;Autumn Hardin;11512928;2000-01-01
258670-3;277758-4;Yardley Cardenas;33817260;2000-03-01
25171259-K;45538644-6;Lillian Patterson;226790;2000-05-01
17517896-1;29694416-5;Meredith Vance;16476726;2000-07-01
7136102-0;37235814-9;Derek Wolf;41411616;2000-09-01
1236090-8;20177792-5;William Tyler;11766102;2000-11-01
17172487-2;6968209-K;Hedy Sexton;6619284;2001-01-01
40395724-0;10904678-7;Colt Rice;45703820;2001-03-01
22578206-7;22665208-6;Lesley Mayo;4572233;2001-05-01
2829504-9;9176467-9;Wayne Mcpherson;37258498;2001-07-01
24165551-2;49368177-K;Heidi Mendoza;12134627;2001-09-01
37716855-0;666270-6;Winifred English;45236844;2001-11-01
685262-9;8600114-4;Kasimir Nichols;32828213;2002-01-01
30691333-6;187384-9;Ross Eaton;43324254;2002-03-01
16953730-5;11831584-7;Hiram Koch;845379;2002-05-01
35628881-5;16205703-0;Eliana Bell;27117523;2002-07-01
18634840-0;20518203-9;Marny Wiley;17376748;2002-09-01
37188822-5;9542137-7;Philip Talley;21252678;2002-11-01
2963789-K;35801231-0;Quinn Hardin;1468122;2003-01-01
28253321-9;34422797-7;Isadora Knapp;1735604;2003-03-01
25308291-7;4692092-9;Carol Hendrix;49330747;2003-05-01
27214741-8;26206947-8;Lucian Bray;11726527;2003-07-01
34313884-9;1066590-6;Dylan Everett;7884286;2003-09-01
4548086-0;35260550-6;Emerson Wilson;33417877;2003-11-01
9992387-3;27458918-3;Nathan Howell;25261540;2004-01-01
2777619-1;46437503-1;Mariam Moreno;10853614;2004-03-01
2341981-5;46291192-0;Sigourney Wheeler;2878200;2004-05-01
33132284-9;8154118-3;Zelenia Kerr;37605225;2004-07-01
30600887-0;29790368-3;Kamal Gallagher;48252796;2004-09-01
1169767-4;23769500-3;Kasper Battle;6555663;2004-11-01
38403805-0;37748944-6;Marvin Davis;2651907;2005-01-01
35222574-6;44596546-4;Ila Hawkins;16943745;2005-03-01
31780709-0;33607173-9;Iola Phillips;47884424;2005-05-01
5803571-8;14587129-8;Tamekah Wynn;35807442;2005-07-01
49296525-1;46466353-3;Ruth Head;7776699;2005-09-01
4993139-5;4647269-1;Hamish Strong;43856671;2005-11-01
16340929-1;22495971-0;Skyler Dyer;16783287;2006-01-01
3610396-5;27100328-5;Brett Daniels;4825938;2006-03-01
8490200-4;49502937-9;Leonard Mcfadden;48144428;2006-05-01
22247126-5;23831703-7;Erasmus Lancaster;43228781;2006-07-01
39997267-1;44774395-7;Lane Poole;36550658;2006-09-01
48144231-1;38251487-4;Daphne Howell;30926735;2006-11-01
22465526-6;35139927-9;Rana Mcdaniel;35978373;2007-01-01
25510568-K;28676527-0;Ray Nicholson;40756336;2007-03-01
13389225-7;26409752-5;Sharon Bolton;16360776;2007-05-01
41448822-6;9843748-7;Palmer Carlson;253640;2007-07-01
4466460-7;22267975-3;Hall Mccall;48282756;2007-09-01
19196941-3;19787642-5;Linda Weeks;39678614;2007-11-01
16320722-2;13405698-3;Keith Pickett;28708497;2008-01-01
19398100-3;18499926-9;Howard Hunter;35532235;2008-03-01
3422377-7;32725793-5;Magee Smith;8357205;2008-05-01
16457303-6;39886572-3;Ivy Delaney;2130988;2008-07-01
15701464-1;28754640-8;Astra Cook;16299893;2008-09-01
44975140-K;26821839-4;Lenore Copeland;28832611;2008-11-01
1554829-0;48274704-3;Jelani Glenn;34316898;2009-01-01
3317901-4;15307157-8;Lewis West;19720394;2009-03-01
27775935-7;3665731-6;Asher Hartman;32881260;2009-05-01
18557813-5;49585691-7;Cyrus Horton;31767525;2009-07-01
24954758-1;931328-1;Sheila Pittman;737699;2009-09-01
15558147-6;3021815-9;Melyssa Rosario;34557536;2009-11-01
21838918-K;31482614-0;Hillary Bowen;1894322;2010-01-01
25946569-9;47212635-0;Porter Adkins;6254963;2010-03-01
5475352-7;42512197-9;Harrison Puckett;3937150;2010-05-01
40361974-4;22835557-7;Gabriel Jenkins;31785575;2010-07-01
20404264-0;20514794-2;Wyatt Vaughan;143626;2010-09-01
16263777-0;3874255-8;Evangeline Bass;38547494;2010-11-01
33603571-6;5585509-9;Davis Yang;4832722;2011-01-01
22623179-K;40857164-2;Drew Molina;9909941;2011-03-01
13333338-K;39758479-8;Logan Dickerson;1136391;2011-05-01
42196720-2;36853657-1;Peter Oneal;44225917;2011-07-01
40449426-0;9648544-1;Serena Sanford;44602458;2011-09-01
33164543-5;36185656-2;Dai Lawson;2590662;2011-11-01
892633-6;5108848-4;Yeo Sherman;12222822;2012-01-01
38976646-1;45519895-K;Caryn Rice;67381;2012-03-01
23445803-5;5798877-0;Rama Porter;28845592;2012-05-01
31815798-7;31530438-5;Nehru Curtis;8342472;2012-07-01
26778541-4;207389-7;Jasmine Whitaker;1061083;2012-09-01
48773903-0;32818727-2;Dean Stephenson;1931018;2012-11-01
42524378-0;45903972-4;Laurel Bell;421650;2013-01-01
45438270-6;23618355-6;Echo Terrell;21250735;2013-03-01
43770375-2;44667468-4;Harper Kinney;11505423;2013-05-01
28433354-3;10667773-5;Yasir Reed;26118816;2013-07-01
44440159-1;18990757-5;Lane Beach;14694375;2013-09-01
11954843-8;18347477-4;Rogan Wells;46326746;2013-11-01
9398426-9;40247675-3;Rajah Key;18631826;2014-01-01
16644325-3;38418947-4;Fulton Briggs;23133228;2014-03-01
2636636-4;1616856-4;Laith Hogan;18681526;2014-05-01
26132350-8;25831612-6;Jenna Valentine;4572317;2014-07-01
44225533-4;24177776-6;Burton Aguirre;43762356;2014-09-01
18100576-9;50844485-0;Hedley Dodson;45631906;2014-11-01
44625863-K;28918395-7;Zachery Christensen;32200288;2015-01-01
33421320-K;9834983-9;Colt Barron;22236944;2015-03-01
1215747-9;12976325-6;Lillith Shannon;8126683;2015-05-01
376397-8;34417648-5;Jada Olson;28616702;2015-07-01
46638304-K;4512238-7;Halee Thompson;37276701;2015-09-01
25354531-3;24175148-1;Merrill Gaines;10475617;2015-11-01
33346909-K;41509610-0;Blaze Talley;4348833;2016-01-01
2727223-1;4451196-7;Jarrod Floyd;1048810;2016-03-01
40591518-9;3578306-7;Kuame Clark;9762493;2016-05-01
1196553-9;45914322-K;Lacy Rodriquez;10730609;2016-07-01
